problem,penalty,p,iter,energy,prob_opt,prob_unfeas,min,freq_min,mode,freq_mode,num_evaluations,phase_time,total_time
Problem_5Sat3Gs_0_4.json,1.5,1,1,-3.692548,0.3046875,0.09912109375,0,0.3046875,1,0.42919921875,339,64.73,64.74
Problem_5Sat3Gs_0_4.json,1.5,1,2,-3.692548,0.3017578125,0.10693359375,0,0.3017578125,1,0.42138671875,339,115.35,115.35
Problem_5Sat3Gs_0_4.json,1.5,1,3,-3.692548,0.29931640625,0.11376953125,0,0.29931640625,1,0.4296875,339,164.87,164.87
Problem_5Sat3Gs_0_4.json,1.5,1,4,-3.692548,0.29638671875,0.109375,0,0.29638671875,1,0.4365234375,339,213.35,213.35
Problem_5Sat3Gs_0_4.json,1.5,1,5,-3.692548,0.3017578125,0.11767578125,0,0.3017578125,1,0.41845703125,339,262.79,262.79
Problem_5Sat3Gs_0_4.json,1.5,1,6,-3.692548,0.29541015625,0.1171875,0,0.29541015625,1,0.43115234375,339,312.0,312.0
Problem_5Sat3Gs_0_4.json,1.5,1,7,-3.692548,0.296875,0.12255859375,0,0.296875,1,0.42041015625,339,361.65,361.65
Problem_5Sat3Gs_0_4.json,1.5,1,8,-3.692548,0.2978515625,0.1083984375,0,0.2978515625,1,0.421875,339,410.46,410.46
Problem_5Sat3Gs_0_4.json,1.5,1,9,-3.692548,0.30615234375,0.11767578125,0,0.30615234375,1,0.42333984375,339,460.63,460.63
Problem_5Sat3Gs_0_4.json,1.5,1,10,-3.692548,0.287109375,0.11474609375,0,0.287109375,1,0.4296875,339,509.8,509.8
Problem_5Sat3Gs_0_4.json,1.5,2,1,-4.215966,0.61181640625,0.09326171875,0,0.61181640625,0,0.61181640625,762,176.67,686.47
Problem_5Sat3Gs_0_4.json,1.5,2,2,-4.215966,0.60546875,0.1005859375,0,0.60546875,0,0.60546875,762,332.34,842.14
Problem_5Sat3Gs_0_4.json,1.5,2,3,-4.215966,0.60888671875,0.0966796875,0,0.60888671875,0,0.60888671875,762,487.72,997.52
Problem_5Sat3Gs_0_4.json,1.5,2,4,-4.215966,0.62109375,0.10546875,0,0.62109375,0,0.62109375,762,641.35,1151.15
Problem_5Sat3Gs_0_4.json,1.5,2,5,-4.215966,0.623046875,0.09716796875,0,0.623046875,0,0.623046875,762,794.59,1304.39
Problem_5Sat3Gs_0_4.json,1.5,2,6,-4.215966,0.61328125,0.1015625,0,0.61328125,0,0.61328125,762,948.8,1458.6
Problem_5Sat3Gs_0_4.json,1.5,2,7,-4.215966,0.6201171875,0.0986328125,0,0.6201171875,0,0.6201171875,762,1103.54,1613.34
Problem_5Sat3Gs_0_4.json,1.5,2,8,-4.215966,0.6171875,0.099609375,0,0.6171875,0,0.6171875,762,1257.57,1767.37
Problem_5Sat3Gs_0_4.json,1.5,2,9,-4.215966,0.6259765625,0.1083984375,0,0.6259765625,0,0.6259765625,762,1411.76,1921.56
Problem_5Sat3Gs_0_4.json,1.5,2,10,-4.215966,0.6123046875,0.0927734375,0,0.6123046875,0,0.6123046875,762,1566.41,2076.21
Problem_5Sat3Gs_0_4.json,1.5,3,1,-4.549232,0.83837890625,0.03076171875,0,0.83837890625,0,0.83837890625,1000,292.86,2369.07
Problem_5Sat3Gs_0_4.json,1.5,3,2,-4.549232,0.8310546875,0.029296875,0,0.8310546875,0,0.8310546875,1000,559.45,2635.66
Problem_5Sat3Gs_0_4.json,1.5,3,3,-4.549232,0.83203125,0.029296875,0,0.83203125,0,0.83203125,1000,826.86,2903.07
Problem_5Sat3Gs_0_4.json,1.5,3,4,-4.549232,0.8232421875,0.0302734375,0,0.8232421875,0,0.8232421875,1000,1091.28,3167.49
Problem_5Sat3Gs_0_4.json,1.5,3,5,-4.549232,0.83935546875,0.02685546875,0,0.83935546875,0,0.83935546875,1000,1355.73,3431.94
Problem_5Sat3Gs_0_4.json,1.5,3,6,-4.549232,0.837890625,0.02783203125,0,0.837890625,0,0.837890625,1000,1621.31,3697.51
Problem_5Sat3Gs_0_4.json,1.5,3,7,-4.549232,0.83837890625,0.0380859375,0,0.83837890625,0,0.83837890625,1000,1887.27,3963.47
Problem_5Sat3Gs_0_4.json,1.5,3,8,-4.549232,0.82568359375,0.02587890625,0,0.82568359375,0,0.82568359375,1000,2153.55,4229.76
Problem_5Sat3Gs_0_4.json,1.5,3,9,-4.549232,0.8349609375,0.02880859375,0,0.8349609375,0,0.8349609375,1000,2419.03,4495.23
Problem_5Sat3Gs_0_4.json,1.5,3,10,-4.549232,0.8359375,0.02685546875,0,0.8359375,0,0.8359375,1000,2683.72,4759.92
Problem_5Sat3Gs_0_4.json,1.5,4,1,-4.575743,0.84716796875,0.0185546875,0,0.84716796875,0,0.84716796875,1000,360.44,5120.36
Problem_5Sat3Gs_0_4.json,1.5,4,2,-4.575743,0.85009765625,0.02392578125,0,0.85009765625,0,0.85009765625,1000,687.48,5447.4
Problem_5Sat3Gs_0_4.json,1.5,4,3,-4.575743,0.8349609375,0.0205078125,0,0.8349609375,0,0.8349609375,1000,1012.47,5772.39
Problem_5Sat3Gs_0_4.json,1.5,4,4,-4.575743,0.83984375,0.02490234375,0,0.83984375,0,0.83984375,1000,1340.59,6100.51
Problem_5Sat3Gs_0_4.json,1.5,4,5,-4.575743,0.85205078125,0.02099609375,0,0.85205078125,0,0.85205078125,1000,1668.92,6428.84
Problem_5Sat3Gs_0_4.json,1.5,4,6,-4.575743,0.8564453125,0.0185546875,0,0.8564453125,0,0.8564453125,1000,1991.81,6751.73
Problem_5Sat3Gs_0_4.json,1.5,4,7,-4.575743,0.85498046875,0.02294921875,0,0.85498046875,0,0.85498046875,1000,2319.46,7079.38
Problem_5Sat3Gs_0_4.json,1.5,4,8,-4.575743,0.85400390625,0.02294921875,0,0.85400390625,0,0.85400390625,1000,2648.03,7407.95
Problem_5Sat3Gs_0_4.json,1.5,4,9,-4.575743,0.84375,0.02001953125,0,0.84375,0,0.84375,1000,2975.96,7735.88
Problem_5Sat3Gs_0_4.json,1.5,4,10,-4.575743,0.83837890625,0.02392578125,0,0.83837890625,0,0.83837890625,1000,3302.4,8062.32
Problem_5Sat3Gs_0_4.json,1.5,5,1,-4.619936,0.8837890625,0.0224609375,0,0.8837890625,0,0.8837890625,1000,428.96,8491.29
Problem_5Sat3Gs_0_4.json,1.5,5,2,-4.619936,0.8837890625,0.01806640625,0,0.8837890625,0,0.8837890625,1000,815.24,8877.56
Problem_5Sat3Gs_0_4.json,1.5,5,3,-4.619936,0.87841796875,0.0244140625,0,0.87841796875,0,0.87841796875,1000,1204.87,9267.19
Problem_5Sat3Gs_0_4.json,1.5,5,4,-4.619936,0.9052734375,0.021484375,0,0.9052734375,0,0.9052734375,1000,1593.5,9655.82
Problem_5Sat3Gs_0_4.json,1.5,5,5,-4.619936,0.87939453125,0.0244140625,0,0.87939453125,0,0.87939453125,1000,1984.63,10046.95
Problem_5Sat3Gs_0_4.json,1.5,5,6,-4.619936,0.89306640625,0.01025390625,0,0.89306640625,0,0.89306640625,1000,2373.03,10435.35
Problem_5Sat3Gs_0_4.json,1.5,5,7,-4.619936,0.8916015625,0.02294921875,0,0.8916015625,0,0.8916015625,1000,2763.58,10825.9
Problem_5Sat3Gs_0_4.json,1.5,5,8,-4.619936,0.89208984375,0.02099609375,0,0.89208984375,0,0.89208984375,1000,3155.88,11218.2
Problem_5Sat3Gs_0_4.json,1.5,5,9,-4.619936,0.88720703125,0.0185546875,0,0.88720703125,0,0.88720703125,1000,3546.87,11609.19
Problem_5Sat3Gs_0_4.json,1.5,5,10,-4.619936,0.888671875,0.025390625,0,0.888671875,0,0.888671875,1000,3936.44,11998.76
Problem_5Sat3Gs_0_4.json,1.5,6,1,-4.631313,0.890625,0.017578125,0,0.890625,0,0.890625,1000,497.63,12496.39
Problem_5Sat3Gs_0_4.json,1.5,6,2,-4.631313,0.8896484375,0.013671875,0,0.8896484375,0,0.8896484375,1000,950.54,12949.3
Problem_5Sat3Gs_0_4.json,1.5,6,3,-4.631313,0.8916015625,0.01513671875,0,0.8916015625,0,0.8916015625,1000,1402.52,13401.28
Problem_5Sat3Gs_0_4.json,1.5,6,4,-4.631313,0.90185546875,0.01416015625,0,0.90185546875,0,0.90185546875,1000,1854.16,13852.93
Problem_5Sat3Gs_0_4.json,1.5,6,5,-4.631313,0.8955078125,0.015625,0,0.8955078125,0,0.8955078125,1000,2307.27,14306.03
Problem_5Sat3Gs_0_4.json,1.5,6,6,-4.631313,0.88720703125,0.015625,0,0.88720703125,0,0.88720703125,1000,2758.98,14757.74
Problem_5Sat3Gs_0_4.json,1.5,6,7,-4.631313,0.90869140625,0.01123046875,0,0.90869140625,0,0.90869140625,1000,3211.61,15210.37
Problem_5Sat3Gs_0_4.json,1.5,6,8,-4.631313,0.89013671875,0.01318359375,0,0.89013671875,0,0.89013671875,1000,3666.14,15664.9
Problem_5Sat3Gs_0_4.json,1.5,6,9,-4.631313,0.90185546875,0.0166015625,0,0.90185546875,0,0.90185546875,1000,4118.07,16116.83
Problem_5Sat3Gs_0_4.json,1.5,6,10,-4.631313,0.896484375,0.01318359375,0,0.896484375,0,0.896484375,1000,4572.2,16570.96
Problem_5Sat3Gs_0_4.json,1.5,7,1,-4.657943,0.919921875,0.013671875,0,0.919921875,0,0.919921875,1000,568.28,17139.24
Problem_5Sat3Gs_0_4.json,1.5,7,2,-4.657943,0.9296875,0.01318359375,0,0.9296875,0,0.9296875,1000,1080.99,17651.95
Problem_5Sat3Gs_0_4.json,1.5,7,3,-4.657943,0.91943359375,0.017578125,0,0.91943359375,0,0.91943359375,1000,1596.37,18167.33
Problem_5Sat3Gs_0_4.json,1.5,7,4,-4.657943,0.91259765625,0.01123046875,0,0.91259765625,0,0.91259765625,1000,2110.58,18681.53
Problem_5Sat3Gs_0_4.json,1.5,7,5,-4.657943,0.93017578125,0.01220703125,0,0.93017578125,0,0.93017578125,1000,2623.53,19194.48
Problem_5Sat3Gs_0_4.json,1.5,7,6,-4.657943,0.91650390625,0.01513671875,0,0.91650390625,0,0.91650390625,1000,3136.11,19707.07
Problem_5Sat3Gs_0_4.json,1.5,7,7,-4.657943,0.9228515625,0.013671875,0,0.9228515625,0,0.9228515625,1000,3651.68,20222.64
Problem_5Sat3Gs_0_4.json,1.5,7,8,-4.657943,0.916015625,0.017578125,0,0.916015625,0,0.916015625,1000,4166.2,20737.15
Problem_5Sat3Gs_0_4.json,1.5,7,9,-4.657943,0.91943359375,0.01806640625,0,0.91943359375,0,0.91943359375,1000,4681.6,21252.55
Problem_5Sat3Gs_0_4.json,1.5,7,10,-4.657943,0.92138671875,0.01318359375,0,0.92138671875,0,0.92138671875,1000,5200.38,21771.34
Problem_5Sat3Gs_0_4.json,1.5,8,1,-4.6702,0.92138671875,0.01708984375,0,0.92138671875,0,0.92138671875,1000,635.39,22406.73
Problem_5Sat3Gs_0_4.json,1.5,8,2,-4.6702,0.9375,0.0146484375,0,0.9375,0,0.9375,1000,1215.15,22986.48
Problem_5Sat3Gs_0_4.json,1.5,8,3,-4.6702,0.9267578125,0.01220703125,0,0.9267578125,0,0.9267578125,1000,1792.12,23563.45
Problem_5Sat3Gs_0_4.json,1.5,8,4,-4.6702,0.93896484375,0.01123046875,0,0.93896484375,0,0.93896484375,1000,2369.11,24140.44
Problem_5Sat3Gs_0_4.json,1.5,8,5,-4.6702,0.9306640625,0.01220703125,0,0.9306640625,0,0.9306640625,1000,2947.84,24719.18
Problem_5Sat3Gs_0_4.json,1.5,8,6,-4.6702,0.93359375,0.0146484375,0,0.93359375,0,0.93359375,1000,3533.26,25304.6
Problem_5Sat3Gs_0_4.json,1.5,8,7,-4.6702,0.92724609375,0.0126953125,0,0.92724609375,0,0.92724609375,1000,4113.03,25884.36
Problem_5Sat3Gs_0_4.json,1.5,8,8,-4.6702,0.9189453125,0.01953125,0,0.9189453125,0,0.9189453125,1000,4688.34,26459.68
Problem_5Sat3Gs_0_4.json,1.5,8,9,-4.6702,0.93017578125,0.01123046875,0,0.93017578125,0,0.93017578125,1000,5262.89,27034.23
Problem_5Sat3Gs_0_4.json,1.5,8,10,-4.6702,0.9365234375,0.0146484375,0,0.9365234375,0,0.9365234375,1000,5838.19,27609.52
Problem_5Sat3Gs_0_6.json,1.5,1,1,-4.019866,0.16455078125,0.1845703125,0,0.16455078125,1,0.3916015625,204,47.14,47.14
Problem_5Sat3Gs_0_6.json,1.5,1,2,-4.019866,0.150390625,0.189453125,0,0.150390625,1,0.39794921875,204,79.44,79.44
Problem_5Sat3Gs_0_6.json,1.5,1,3,-4.019866,0.140625,0.18994140625,0,0.140625,1,0.4111328125,204,112.61,112.61
Problem_5Sat3Gs_0_6.json,1.5,1,4,-4.019866,0.15771484375,0.19384765625,0,0.15771484375,1,0.3837890625,204,146.21,146.21
Problem_5Sat3Gs_0_6.json,1.5,1,5,-4.019866,0.15185546875,0.19921875,0,0.15185546875,1,0.40869140625,204,179.24,179.24
Problem_5Sat3Gs_0_6.json,1.5,1,6,-4.019866,0.150390625,0.19775390625,0,0.150390625,1,0.39501953125,204,212.39,212.39
Problem_5Sat3Gs_0_6.json,1.5,1,7,-4.019866,0.15625,0.2080078125,0,0.15625,1,0.400390625,204,245.3,245.3
Problem_5Sat3Gs_0_6.json,1.5,1,8,-4.019866,0.15234375,0.18896484375,0,0.15234375,1,0.38916015625,204,278.01,278.02
Problem_5Sat3Gs_0_6.json,1.5,1,9,-4.019866,0.15673828125,0.18359375,0,0.15673828125,1,0.4013671875,204,310.84,310.85
Problem_5Sat3Gs_0_6.json,1.5,1,10,-4.019866,0.14453125,0.19580078125,0,0.14453125,1,0.40185546875,204,343.75,343.75
Problem_5Sat3Gs_0_6.json,1.5,2,1,-4.722067,0.44482421875,0.10546875,0,0.44482421875,0,0.44482421875,428,120.99,464.74
Problem_5Sat3Gs_0_6.json,1.5,2,2,-4.722067,0.4453125,0.1103515625,0,0.4453125,0,0.4453125,428,219.1,562.85
Problem_5Sat3Gs_0_6.json,1.5,2,3,-4.722067,0.439453125,0.1162109375,0,0.439453125,0,0.439453125,428,317.77,661.52
Problem_5Sat3Gs_0_6.json,1.5,2,4,-4.722067,0.45166015625,0.1044921875,0,0.45166015625,0,0.45166015625,428,416.57,760.32
Problem_5Sat3Gs_0_6.json,1.5,2,5,-4.722067,0.44775390625,0.1044921875,0,0.44775390625,0,0.44775390625,428,513.76,857.51
Problem_5Sat3Gs_0_6.json,1.5,2,6,-4.722067,0.46142578125,0.11474609375,0,0.46142578125,0,0.46142578125,428,612.2,955.95
Problem_5Sat3Gs_0_6.json,1.5,2,7,-4.722067,0.44140625,0.12109375,0,0.44140625,0,0.44140625,428,708.41,1052.16
Problem_5Sat3Gs_0_6.json,1.5,2,8,-4.722067,0.43896484375,0.1103515625,0,0.43896484375,0,0.43896484375,428,805.4,1149.15
Problem_5Sat3Gs_0_6.json,1.5,2,9,-4.722067,0.4658203125,0.1142578125,0,0.4658203125,0,0.4658203125,428,900.91,1244.66
Problem_5Sat3Gs_0_6.json,1.5,2,10,-4.722067,0.443359375,0.10888671875,0,0.443359375,0,0.443359375,428,998.36,1342.11
Problem_5Sat3Gs_0_6.json,1.5,3,1,-5.06092,0.67041015625,0.07275390625,0,0.67041015625,0,0.67041015625,658,228.71,1570.82
Problem_5Sat3Gs_0_6.json,1.5,3,2,-4.782835,0.48486328125,0.1083984375,0,0.48486328125,0,0.48486328125,1000,525.25,1867.36
Problem_5Sat3Gs_0_6.json,1.5,3,3,-5.06092,0.662109375,0.06884765625,0,0.662109375,0,0.662109375,658,723.08,2065.19
Problem_5Sat3Gs_0_6.json,1.5,3,4,-4.782835,0.49853515625,0.10302734375,0,0.49853515625,0,0.49853515625,1000,1019.08,2361.19
Problem_5Sat3Gs_0_6.json,1.5,3,5,-5.06092,0.67041015625,0.068359375,0,0.67041015625,0,0.67041015625,658,1216.0,2558.11
Problem_5Sat3Gs_0_6.json,1.5,3,6,-4.782835,0.49951171875,0.10986328125,0,0.49951171875,0,0.49951171875,1000,1511.88,2853.99
Problem_5Sat3Gs_0_6.json,1.5,3,7,-4.782835,0.49951171875,0.10302734375,0,0.49951171875,0,0.49951171875,1000,1808.4,3150.51
Problem_5Sat3Gs_0_6.json,1.5,3,8,-5.06092,0.6435546875,0.0712890625,0,0.6435546875,0,0.6435546875,658,2005.36,3347.47
Problem_5Sat3Gs_0_6.json,1.5,3,9,-4.782835,0.50390625,0.1201171875,0,0.50390625,0,0.50390625,1000,2306.71,3648.82
Problem_5Sat3Gs_0_6.json,1.5,3,10,-4.782835,0.50244140625,0.09716796875,0,0.50244140625,0,0.50244140625,1000,2604.81,3946.91
Problem_5Sat3Gs_0_6.json,1.5,4,1,-5.086871,0.6962890625,0.0576171875,0,0.6962890625,0,0.6962890625,1000,412.1,4359.01
Problem_5Sat3Gs_0_6.json,1.5,4,2,-5.086871,0.6826171875,0.0625,0,0.6826171875,0,0.6826171875,1000,783.93,4730.84
Problem_5Sat3Gs_0_6.json,1.5,4,3,-5.086871,0.681640625,0.06201171875,0,0.681640625,0,0.681640625,1000,1155.99,5102.9
Problem_5Sat3Gs_0_6.json,1.5,4,4,-5.086871,0.68896484375,0.0615234375,0,0.68896484375,0,0.68896484375,1000,1526.53,5473.45
Problem_5Sat3Gs_0_6.json,1.5,4,5,-5.086871,0.67626953125,0.0546875,0,0.67626953125,0,0.67626953125,1000,1898.37,5845.28
Problem_5Sat3Gs_0_6.json,1.5,4,6,-5.086871,0.7021484375,0.05615234375,0,0.7021484375,0,0.7021484375,1000,2271.5,6218.42
Problem_5Sat3Gs_0_6.json,1.5,4,7,-5.086871,0.69580078125,0.0576171875,0,0.69580078125,0,0.69580078125,1000,2642.67,6589.58
Problem_5Sat3Gs_0_6.json,1.5,4,8,-5.086871,0.68212890625,0.0595703125,0,0.68212890625,0,0.68212890625,1000,3015.4,6962.31
Problem_5Sat3Gs_0_6.json,1.5,4,9,-5.086871,0.68115234375,0.0654296875,0,0.68115234375,0,0.68115234375,1000,3389.35,7336.27
Problem_5Sat3Gs_0_6.json,1.5,4,10,-5.086871,0.67236328125,0.0576171875,0,0.67236328125,0,0.67236328125,1000,3761.29,7708.2
Problem_5Sat3Gs_0_6.json,1.5,5,1,-5.167292,0.72607421875,0.0439453125,0,0.72607421875,0,0.72607421875,1000,488.58,8196.78
Problem_5Sat3Gs_0_6.json,1.5,5,2,-5.167292,0.73583984375,0.0498046875,0,0.73583984375,0,0.73583984375,1000,931.78,8639.98
Problem_5Sat3Gs_0_6.json,1.5,5,3,-5.167292,0.728515625,0.041015625,0,0.728515625,0,0.728515625,1000,1374.29,9082.49
Problem_5Sat3Gs_0_6.json,1.5,5,4,-5.167292,0.7255859375,0.056640625,0,0.7255859375,0,0.7255859375,1000,1820.2,9528.4
Problem_5Sat3Gs_0_6.json,1.5,5,5,-5.167292,0.73876953125,0.04931640625,0,0.73876953125,0,0.73876953125,1000,2262.65,9970.85
Problem_5Sat3Gs_0_6.json,1.5,5,6,-5.167292,0.7294921875,0.04296875,0,0.7294921875,0,0.7294921875,1000,2704.8,10413.0
Problem_5Sat3Gs_0_6.json,1.5,5,7,-5.167292,0.7314453125,0.05126953125,0,0.7314453125,0,0.7314453125,1000,3145.76,10853.96
Problem_5Sat3Gs_0_6.json,1.5,5,8,-5.167292,0.72412109375,0.04833984375,0,0.72412109375,0,0.72412109375,1000,3587.02,11295.22
Problem_5Sat3Gs_0_6.json,1.5,5,9,-5.167292,0.73095703125,0.05126953125,0,0.73095703125,0,0.73095703125,1000,4029.8,11738.0
Problem_5Sat3Gs_0_6.json,1.5,5,10,-5.167292,0.74609375,0.0400390625,0,0.74609375,0,0.74609375,1000,4472.21,12180.41
Problem_5Sat3Gs_0_6.json,1.5,6,1,-5.222971,0.7607421875,0.03515625,0,0.7607421875,0,0.7607421875,1000,571.84,12752.25
Problem_5Sat3Gs_0_6.json,1.5,6,2,-5.18819,0.755859375,0.0390625,0,0.755859375,0,0.755859375,1000,1091.29,13271.7
Problem_5Sat3Gs_0_6.json,1.5,6,3,-5.222971,0.7724609375,0.02685546875,0,0.7724609375,0,0.7724609375,1000,1612.17,13792.58
Problem_5Sat3Gs_0_6.json,1.5,6,4,-5.18819,0.74462890625,0.03955078125,0,0.74462890625,0,0.74462890625,1000,2128.78,14309.19
Problem_5Sat3Gs_0_6.json,1.5,6,5,-5.18819,0.73974609375,0.0498046875,0,0.73974609375,0,0.73974609375,1000,2643.93,14824.35
Problem_5Sat3Gs_0_6.json,1.5,6,6,-5.222971,0.76025390625,0.03564453125,0,0.76025390625,0,0.76025390625,1000,3160.2,15340.61
Problem_5Sat3Gs_0_6.json,1.5,6,7,-5.18819,0.72412109375,0.041015625,0,0.72412109375,0,0.72412109375,1000,3677.82,15858.23
Problem_5Sat3Gs_0_6.json,1.5,6,8,-5.222971,0.755859375,0.03076171875,0,0.755859375,0,0.755859375,1000,4196.39,16376.8
Problem_5Sat3Gs_0_6.json,1.5,6,9,-5.222971,0.76513671875,0.02880859375,0,0.76513671875,0,0.76513671875,1000,4714.7,16895.11
Problem_5Sat3Gs_0_6.json,1.5,6,10,-5.222971,0.75146484375,0.0302734375,0,0.75146484375,0,0.75146484375,1000,5233.48,17413.89
Problem_5Sat3Gs_0_6.json,1.5,7,1,-5.294545,0.8271484375,0.02099609375,0,0.8271484375,0,0.8271484375,1000,649.26,18063.15
Problem_5Sat3Gs_0_6.json,1.5,7,2,-5.294545,0.83837890625,0.0185546875,0,0.83837890625,0,0.83837890625,1000,1243.32,18657.2
Problem_5Sat3Gs_0_6.json,1.5,7,3,-5.294545,0.857421875,0.0146484375,0,0.857421875,0,0.857421875,1000,1834.81,19248.7
Problem_5Sat3Gs_0_6.json,1.5,7,4,-5.294545,0.82470703125,0.0224609375,0,0.82470703125,0,0.82470703125,1000,2423.78,19837.67
Problem_5Sat3Gs_0_6.json,1.5,7,5,-5.294545,0.82861328125,0.01806640625,0,0.82861328125,0,0.82861328125,1000,3014.6,20428.49
Problem_5Sat3Gs_0_6.json,1.5,7,6,-5.294545,0.80615234375,0.0234375,0,0.80615234375,0,0.80615234375,1000,3604.32,21018.21
Problem_5Sat3Gs_0_6.json,1.5,7,7,-5.294545,0.82275390625,0.01953125,0,0.82275390625,0,0.82275390625,1000,4196.67,21610.56
Problem_5Sat3Gs_0_6.json,1.5,7,8,-5.294545,0.83447265625,0.02294921875,0,0.83447265625,0,0.83447265625,1000,4788.14,22202.02
Problem_5Sat3Gs_0_6.json,1.5,7,9,-5.294545,0.826171875,0.015625,0,0.826171875,0,0.826171875,1000,5383.06,22796.95
Problem_5Sat3Gs_0_6.json,1.5,7,10,-5.294545,0.83642578125,0.017578125,0,0.83642578125,0,0.83642578125,1000,5969.74,23383.62
Problem_5Sat3Gs_0_6.json,1.5,8,1,-5.359941,0.87939453125,0.01318359375,0,0.87939453125,0,0.87939453125,1000,728.43,24112.05
Problem_5Sat3Gs_0_6.json,1.5,8,2,-5.359941,0.890625,0.015625,0,0.890625,0,0.890625,1000,1390.2,24773.83
Problem_5Sat3Gs_0_6.json,1.5,8,3,-5.359941,0.87890625,0.0146484375,0,0.87890625,0,0.87890625,1000,2056.25,25439.87
Problem_5Sat3Gs_0_6.json,1.5,8,4,-5.359941,0.88671875,0.0146484375,0,0.88671875,0,0.88671875,1000,2719.76,26103.39
Problem_5Sat3Gs_0_6.json,1.5,8,5,-5.359941,0.8818359375,0.015625,0,0.8818359375,0,0.8818359375,1000,3383.61,26767.23
Problem_5Sat3Gs_0_6.json,1.5,8,6,-5.359941,0.88818359375,0.01708984375,0,0.88818359375,0,0.88818359375,1000,4042.61,27426.23
Problem_5Sat3Gs_0_6.json,1.5,8,7,-5.359941,0.88330078125,0.01220703125,0,0.88330078125,0,0.88330078125,1000,4711.65,28095.27
Problem_5Sat3Gs_0_6.json,1.5,8,8,-5.359941,0.89892578125,0.01171875,0,0.89892578125,0,0.89892578125,1000,5375.81,28759.43
Problem_5Sat3Gs_0_6.json,1.5,8,9,-5.359941,0.88623046875,0.01806640625,0,0.88623046875,0,0.88623046875,1000,6038.81,29422.43
Problem_5Sat3Gs_0_6.json,1.5,8,10,-5.359941,0.8935546875,0.01171875,0,0.8935546875,0,0.8935546875,1000,6700.64,30084.26
Problem_5Sat3Gs_0_12.json,1.5,1,1,-3.889041,0.08544921875,0.21728515625,0,0.08544921875,1,0.38818359375,136,35.87,35.87
Problem_5Sat3Gs_0_12.json,1.5,1,2,-3.889041,0.10693359375,0.2119140625,0,0.10693359375,1,0.353515625,136,58.74,58.74
Problem_5Sat3Gs_0_12.json,1.5,1,3,-3.889041,0.0849609375,0.2216796875,0,0.0849609375,1,0.390625,136,81.48,81.48
Problem_5Sat3Gs_0_12.json,1.5,1,4,-3.889041,0.08935546875,0.2177734375,0,0.08935546875,1,0.3916015625,136,104.23,104.23
Problem_5Sat3Gs_0_12.json,1.5,1,5,-3.889041,0.08740234375,0.2099609375,0,0.08740234375,1,0.3916015625,136,126.87,126.88
Problem_5Sat3Gs_0_12.json,1.5,1,6,-3.889041,0.08984375,0.22802734375,0,0.08984375,1,0.37890625,136,150.04,150.04
Problem_5Sat3Gs_0_12.json,1.5,1,7,-3.889041,0.09912109375,0.22216796875,0,0.09912109375,1,0.3720703125,136,172.7,172.7
Problem_5Sat3Gs_0_12.json,1.5,1,8,-3.889041,0.109375,0.2001953125,0,0.109375,1,0.380859375,136,195.49,195.49
Problem_5Sat3Gs_0_12.json,1.5,1,9,-3.889041,0.11572265625,0.1953125,0,0.11572265625,1,0.3857421875,136,218.65,218.65
Problem_5Sat3Gs_0_12.json,1.5,1,10,-3.889041,0.09716796875,0.20849609375,0,0.09716796875,1,0.38623046875,136,241.69,241.69
Problem_5Sat3Gs_0_12.json,1.5,2,1,-4.526876,0.29296875,0.12841796875,0,0.29296875,1,0.4814453125,474,130.26,371.95
Problem_5Sat3Gs_0_12.json,1.5,2,2,-4.526876,0.3056640625,0.1162109375,0,0.3056640625,1,0.45166015625,474,237.92,479.61
Problem_5Sat3Gs_0_12.json,1.5,2,3,-4.526876,0.30224609375,0.13037109375,0,0.30224609375,1,0.45751953125,474,346.55,588.24
Problem_5Sat3Gs_0_12.json,1.5,2,4,-4.526876,0.31201171875,0.11083984375,0,0.31201171875,1,0.47412109375,474,454.38,696.08
Problem_5Sat3Gs_0_12.json,1.5,2,5,-4.526876,0.30322265625,0.11865234375,0,0.30322265625,1,0.4599609375,474,562.68,804.38
Problem_5Sat3Gs_0_12.json,1.5,2,6,-4.526876,0.3037109375,0.1181640625,0,0.3037109375,1,0.4736328125,474,670.38,912.08
Problem_5Sat3Gs_0_12.json,1.5,2,7,-4.526876,0.31103515625,0.12255859375,0,0.31103515625,1,0.46240234375,474,777.97,1019.66
Problem_5Sat3Gs_0_12.json,1.5,2,8,-4.526876,0.31982421875,0.1162109375,0,0.31982421875,1,0.447265625,474,885.15,1126.84
Problem_5Sat3Gs_0_12.json,1.5,2,9,-4.526876,0.296875,0.11328125,0,0.296875,1,0.47412109375,474,992.91,1234.61
Problem_5Sat3Gs_0_12.json,1.5,2,10,-4.526876,0.28955078125,0.13330078125,0,0.28955078125,1,0.46923828125,474,1100.33,1342.02
Problem_5Sat3Gs_0_12.json,1.5,3,1,-4.858585,0.5244140625,0.12646484375,0,0.5244140625,0,0.5244140625,650,223.59,1565.61
Problem_5Sat3Gs_0_12.json,1.5,3,2,-4.858585,0.54833984375,0.12109375,0,0.54833984375,0,0.54833984375,650,419.0,1761.02
Problem_5Sat3Gs_0_12.json,1.5,3,3,-4.858585,0.5302734375,0.13232421875,0,0.5302734375,0,0.5302734375,650,614.58,1956.6
Problem_5Sat3Gs_0_12.json,1.5,3,4,-4.858585,0.525390625,0.12890625,0,0.525390625,0,0.525390625,650,811.64,2153.66
Problem_5Sat3Gs_0_12.json,1.5,3,5,-4.858585,0.521484375,0.12744140625,0,0.521484375,0,0.521484375,650,1007.08,2349.1
Problem_5Sat3Gs_0_12.json,1.5,3,6,-4.858585,0.55078125,0.1298828125,0,0.55078125,0,0.55078125,650,1204.1,2546.12
Problem_5Sat3Gs_0_12.json,1.5,3,7,-4.858585,0.54541015625,0.12841796875,0,0.54541015625,0,0.54541015625,650,1400.06,2742.08
Problem_5Sat3Gs_0_12.json,1.5,3,8,-4.858585,0.5205078125,0.12890625,0,0.5205078125,0,0.5205078125,650,1595.55,2937.57
Problem_5Sat3Gs_0_12.json,1.5,3,9,-4.858585,0.53515625,0.1201171875,0,0.53515625,0,0.53515625,650,1791.49,3133.51
Problem_5Sat3Gs_0_12.json,1.5,3,10,-4.858585,0.53173828125,0.12255859375,0,0.53173828125,0,0.53173828125,650,1988.07,3330.09
Problem_5Sat3Gs_0_12.json,1.5,4,1,-5.025106,0.64208984375,0.09814453125,0,0.64208984375,0,0.64208984375,1000,409.13,3739.22
Problem_5Sat3Gs_0_12.json,1.5,4,2,-5.025106,0.6396484375,0.09423828125,0,0.6396484375,0,0.6396484375,1000,782.63,4112.72
Problem_5Sat3Gs_0_12.json,1.5,4,3,-5.025106,0.63916015625,0.09716796875,0,0.63916015625,0,0.63916015625,1000,1151.54,4481.62
Problem_5Sat3Gs_0_12.json,1.5,4,4,-5.025106,0.63720703125,0.09130859375,0,0.63720703125,0,0.63720703125,1000,1521.41,4851.49
Problem_5Sat3Gs_0_12.json,1.5,4,5,-4.861666,0.5302734375,0.1240234375,0,0.5302734375,0,0.5302734375,1000,1890.43,5220.52
Problem_5Sat3Gs_0_12.json,1.5,4,6,-5.025106,0.62744140625,0.091796875,0,0.62744140625,0,0.62744140625,1000,2262.26,5592.35
Problem_5Sat3Gs_0_12.json,1.5,4,7,-5.025106,0.63427734375,0.08203125,0,0.63427734375,0,0.63427734375,1000,2632.17,5962.25
Problem_5Sat3Gs_0_12.json,1.5,4,8,-5.025106,0.64794921875,0.0849609375,0,0.64794921875,0,0.64794921875,1000,2998.63,6328.72
Problem_5Sat3Gs_0_12.json,1.5,4,9,-4.861666,0.52734375,0.130859375,0,0.52734375,0,0.52734375,1000,3366.3,6696.38
Problem_5Sat3Gs_0_12.json,1.5,4,10,-5.025106,0.638671875,0.08984375,0,0.638671875,0,0.638671875,1000,3737.92,7068.0
Problem_5Sat3Gs_0_12.json,1.5,5,1,-5.153778,0.73681640625,0.05029296875,0,0.73681640625,0,0.73681640625,1000,487.88,7555.88
Problem_5Sat3Gs_0_12.json,1.5,5,2,-5.153778,0.71875,0.0390625,0,0.71875,0,0.71875,1000,931.94,7999.94
Problem_5Sat3Gs_0_12.json,1.5,5,3,-5.153778,0.7099609375,0.0458984375,0,0.7099609375,0,0.7099609375,1000,1374.52,8442.52
Problem_5Sat3Gs_0_12.json,1.5,5,4,-5.153778,0.73095703125,0.0458984375,0,0.73095703125,0,0.73095703125,1000,1818.08,8886.08
Problem_5Sat3Gs_0_12.json,1.5,5,5,-5.153778,0.72021484375,0.04248046875,0,0.72021484375,0,0.72021484375,1000,2261.68,9329.68
Problem_5Sat3Gs_0_12.json,1.5,5,6,-5.153778,0.7216796875,0.04833984375,0,0.7216796875,0,0.7216796875,1000,2705.41,9773.42
Problem_5Sat3Gs_0_12.json,1.5,5,7,-5.153778,0.7109375,0.056640625,0,0.7109375,0,0.7109375,1000,3150.09,10218.09
Problem_5Sat3Gs_0_12.json,1.5,5,8,-5.153778,0.72412109375,0.0537109375,0,0.72412109375,0,0.72412109375,1000,3593.28,10661.29
Problem_5Sat3Gs_0_12.json,1.5,5,9,-5.153778,0.73583984375,0.05126953125,0,0.73583984375,0,0.73583984375,1000,4034.18,11102.19
Problem_5Sat3Gs_0_12.json,1.5,5,10,-5.153778,0.7353515625,0.05126953125,0,0.7353515625,0,0.7353515625,1000,4475.87,11543.87
Problem_5Sat3Gs_0_12.json,1.5,6,1,-5.253806,0.83203125,0.03076171875,0,0.83203125,0,0.83203125,1000,569.0,12112.87
Problem_5Sat3Gs_0_12.json,1.5,6,2,-5.253806,0.81201171875,0.0400390625,0,0.81201171875,0,0.81201171875,1000,1085.4,12629.27
Problem_5Sat3Gs_0_12.json,1.5,6,3,-5.253806,0.814453125,0.04248046875,0,0.814453125,0,0.814453125,1000,1601.99,13145.87
Problem_5Sat3Gs_0_12.json,1.5,6,4,-5.253806,0.8154296875,0.03662109375,0,0.8154296875,0,0.8154296875,1000,2118.83,13662.7
Problem_5Sat3Gs_0_12.json,1.5,6,5,-5.253806,0.83203125,0.03369140625,0,0.83203125,0,0.83203125,1000,2636.81,14180.68
Problem_5Sat3Gs_0_12.json,1.5,6,6,-5.253806,0.806640625,0.03955078125,0,0.806640625,0,0.806640625,1000,3154.06,14697.93
Problem_5Sat3Gs_0_12.json,1.5,6,7,-5.253806,0.82177734375,0.03466796875,0,0.82177734375,0,0.82177734375,1000,3670.64,15214.51
Problem_5Sat3Gs_0_12.json,1.5,6,8,-5.253806,0.82958984375,0.03564453125,0,0.82958984375,0,0.82958984375,1000,4190.84,15734.72
Problem_5Sat3Gs_0_12.json,1.5,6,9,-5.253806,0.8095703125,0.03955078125,0,0.8095703125,0,0.8095703125,1000,4706.39,16250.26
Problem_5Sat3Gs_0_12.json,1.5,6,10,-5.253806,0.82666015625,0.0341796875,0,0.82666015625,0,0.82666015625,1000,5221.15,16765.02
Problem_5Sat3Gs_0_12.json,1.5,7,1,-5.318847,0.87109375,0.0322265625,0,0.87109375,0,0.87109375,1000,652.67,17417.69
Problem_5Sat3Gs_0_12.json,1.5,7,2,-5.318847,0.8603515625,0.0283203125,0,0.8603515625,0,0.8603515625,1000,1240.06,18005.08
Problem_5Sat3Gs_0_12.json,1.5,7,3,-5.318847,0.8798828125,0.021484375,0,0.8798828125,0,0.8798828125,1000,1830.7,18595.72
Problem_5Sat3Gs_0_12.json,1.5,7,4,-5.318847,0.873046875,0.0322265625,0,0.873046875,0,0.873046875,1000,2419.18,19184.2
Problem_5Sat3Gs_0_12.json,1.5,7,5,-5.318847,0.8876953125,0.0234375,0,0.8876953125,0,0.8876953125,1000,3008.19,19773.21
Problem_5Sat3Gs_0_12.json,1.5,7,6,-5.318847,0.87158203125,0.03271484375,0,0.87158203125,0,0.87158203125,1000,3590.9,20355.92
Problem_5Sat3Gs_0_12.json,1.5,7,7,-5.318847,0.865234375,0.0361328125,0,0.865234375,0,0.865234375,1000,4189.14,20954.15
Problem_5Sat3Gs_0_12.json,1.5,7,8,-5.318847,0.8740234375,0.029296875,0,0.8740234375,0,0.8740234375,1000,4778.61,21543.63
Problem_5Sat3Gs_0_12.json,1.5,7,9,-5.318847,0.87060546875,0.03076171875,0,0.87060546875,0,0.87060546875,1000,5369.35,22134.37
Problem_5Sat3Gs_0_12.json,1.5,7,10,-5.318847,0.8662109375,0.0361328125,0,0.8662109375,0,0.8662109375,1000,5964.02,22729.04
Problem_5Sat3Gs_0_12.json,1.5,8,1,-5.364139,0.90380859375,0.01904296875,0,0.90380859375,0,0.90380859375,1000,735.18,23464.22
Problem_5Sat3Gs_0_12.json,1.5,8,2,-5.364139,0.8935546875,0.025390625,0,0.8935546875,0,0.8935546875,1000,1399.65,24128.69
Problem_5Sat3Gs_0_12.json,1.5,8,3,-5.364139,0.904296875,0.0283203125,0,0.904296875,0,0.904296875,1000,2065.38,24794.42
Problem_5Sat3Gs_0_12.json,1.5,8,4,-5.364139,0.9072265625,0.02587890625,0,0.9072265625,0,0.9072265625,1000,2723.78,25452.82
Problem_5Sat3Gs_0_12.json,1.5,8,5,-5.364139,0.91162109375,0.02197265625,0,0.91162109375,0,0.91162109375,1000,3382.78,26111.81
Problem_5Sat3Gs_0_12.json,1.5,8,6,-5.364139,0.90673828125,0.025390625,0,0.90673828125,0,0.90673828125,1000,4040.31,26769.34
Problem_5Sat3Gs_0_12.json,1.5,8,7,-5.364139,0.90576171875,0.0185546875,0,0.90576171875,0,0.90576171875,1000,4705.14,27434.18
Problem_5Sat3Gs_0_12.json,1.5,8,8,-5.364139,0.90283203125,0.0224609375,0,0.90283203125,0,0.90283203125,1000,5371.89,28100.93
Problem_5Sat3Gs_0_12.json,1.5,8,9,-5.364139,0.91015625,0.021484375,0,0.91015625,0,0.91015625,1000,6032.77,28761.81
Problem_5Sat3Gs_0_12.json,1.5,8,10,-5.364139,0.91357421875,0.0234375,0,0.91357421875,0,0.91357421875,1000,6691.2,29420.23
Problem_5Sat3Gs_1_4.json,1.5,1,1,-5.925312,0.02490234375,0.46533203125,1,0.02490234375,3,0.2421875,161,51.59,51.59
Problem_5Sat3Gs_1_4.json,1.5,1,2,-5.925312,0.03857421875,0.44482421875,1,0.03857421875,3,0.25830078125,161,85.06,85.07
Problem_5Sat3Gs_1_4.json,1.5,1,3,-5.925312,0.0302734375,0.47314453125,1,0.0302734375,3,0.24658203125,161,117.81,117.81
Problem_5Sat3Gs_1_4.json,1.5,1,4,-5.925312,0.03759765625,0.44775390625,1,0.03759765625,3,0.2734375,161,150.61,150.61
Problem_5Sat3Gs_1_4.json,1.5,1,5,-5.925312,0.02978515625,0.44482421875,1,0.02978515625,3,0.26953125,161,184.13,184.13
Problem_5Sat3Gs_1_4.json,1.5,1,6,-5.925312,0.0341796875,0.45166015625,1,0.0341796875,3,0.248046875,161,217.16,217.16
Problem_5Sat3Gs_1_4.json,1.5,1,7,-5.925312,0.02685546875,0.45166015625,1,0.02685546875,3,0.25146484375,161,249.95,249.96
Problem_5Sat3Gs_1_4.json,1.5,1,8,-5.925312,0.03369140625,0.4521484375,1,0.03369140625,3,0.26220703125,161,283.24,283.24
Problem_5Sat3Gs_1_4.json,1.5,1,9,-5.925312,0.03662109375,0.453125,1,0.03662109375,3,0.259765625,161,315.83,315.84
Problem_5Sat3Gs_1_4.json,1.5,1,10,-5.925312,0.03466796875,0.4697265625,1,0.03466796875,3,0.24755859375,161,348.27,348.27
Problem_5Sat3Gs_1_4.json,1.5,2,1,-6.096024,0.04541015625,0.34228515625,1,0.04541015625,3,0.2744140625,578,204.59,552.86
Problem_5Sat3Gs_1_4.json,1.5,2,2,-6.096024,0.04931640625,0.32958984375,1,0.04931640625,3,0.28466796875,578,380.42,728.69
Problem_5Sat3Gs_1_4.json,1.5,2,3,-6.096024,0.04443359375,0.3427734375,1,0.04443359375,3,0.283203125,578,557.99,906.27
Problem_5Sat3Gs_1_4.json,1.5,2,4,-6.096024,0.04443359375,0.3583984375,1,0.04443359375,3,0.28759765625,578,734.76,1083.03
Problem_5Sat3Gs_1_4.json,1.5,2,5,-6.096024,0.04296875,0.3291015625,1,0.04296875,2,0.2802734375,578,908.78,1257.05
Problem_5Sat3Gs_1_4.json,1.5,2,6,-6.096024,0.0400390625,0.3525390625,1,0.0400390625,3,0.2822265625,578,1086.31,1434.58
Problem_5Sat3Gs_1_4.json,1.5,2,7,-6.096024,0.03759765625,0.32373046875,1,0.03759765625,3,0.28857421875,578,1261.97,1610.25
Problem_5Sat3Gs_1_4.json,1.5,2,8,-6.096024,0.05224609375,0.33984375,1,0.05224609375,3,0.28857421875,578,1437.36,1785.63
Problem_5Sat3Gs_1_4.json,1.5,2,9,-6.096024,0.04541015625,0.36376953125,1,0.04541015625,3,0.26904296875,578,1613.68,1961.95
Problem_5Sat3Gs_1_4.json,1.5,2,10,-6.096024,0.03515625,0.341796875,1,0.03515625,2,0.275390625,578,1788.18,2136.45
Problem_5Sat3Gs_1_4.json,1.5,3,1,-6.357629,0.072265625,0.3876953125,1,0.072265625,2,0.29638671875,1000,449.52,2585.97
Problem_5Sat3Gs_1_4.json,1.5,3,2,-6.357629,0.068359375,0.41064453125,1,0.068359375,2,0.3056640625,1000,857.97,2994.42
Problem_5Sat3Gs_1_4.json,1.5,3,3,-6.357629,0.07470703125,0.39453125,1,0.07470703125,2,0.28662109375,1000,1266.84,3403.29
Problem_5Sat3Gs_1_4.json,1.5,3,4,-6.357629,0.07275390625,0.38818359375,1,0.07275390625,2,0.29052734375,1000,1676.01,3812.46
Problem_5Sat3Gs_1_4.json,1.5,3,5,-6.357629,0.06494140625,0.412109375,1,0.06494140625,2,0.29541015625,1000,2087.83,4224.27
Problem_5Sat3Gs_1_4.json,1.5,3,6,-6.357629,0.0791015625,0.3896484375,1,0.0791015625,2,0.28955078125,1000,2499.81,4636.25
Problem_5Sat3Gs_1_4.json,1.5,3,7,-6.357629,0.0693359375,0.39794921875,1,0.0693359375,2,0.27294921875,1000,2912.77,5049.21
Problem_5Sat3Gs_1_4.json,1.5,3,8,-6.357629,0.064453125,0.3994140625,1,0.064453125,2,0.294921875,1000,3322.86,5459.3
Problem_5Sat3Gs_1_4.json,1.5,3,9,-6.357629,0.07666015625,0.392578125,1,0.07666015625,2,0.29052734375,1000,3733.2,5869.65
Problem_5Sat3Gs_1_4.json,1.5,3,10,-6.357629,0.06982421875,0.40869140625,1,0.06982421875,2,0.28564453125,1000,4144.53,6280.98
Problem_5Sat3Gs_1_4.json,1.5,4,1,-6.403491,0.0927734375,0.46435546875,1,0.0927734375,2,0.244140625,1000,574.83,6855.81
Problem_5Sat3Gs_1_4.json,1.5,4,2,-6.403491,0.08984375,0.443359375,1,0.08984375,2,0.251953125,1000,1096.24,7377.21
Problem_5Sat3Gs_1_4.json,1.5,4,3,-6.403491,0.08837890625,0.44482421875,1,0.08837890625,2,0.24755859375,1000,1619.6,7900.58
Problem_5Sat3Gs_1_4.json,1.5,4,4,-6.403491,0.0869140625,0.458984375,1,0.0869140625,2,0.23681640625,1000,2140.1,8421.08
Problem_5Sat3Gs_1_4.json,1.5,4,5,-6.403491,0.08544921875,0.4541015625,1,0.08544921875,2,0.24609375,1000,2664.37,8945.35
Problem_5Sat3Gs_1_4.json,1.5,4,6,-6.403491,0.09228515625,0.46337890625,1,0.09228515625,2,0.2294921875,1000,3185.98,9466.95
Problem_5Sat3Gs_1_4.json,1.5,4,7,-6.403491,0.08740234375,0.4541015625,1,0.08740234375,2,0.2607421875,1000,3709.27,9990.24
Problem_5Sat3Gs_1_4.json,1.5,4,8,-6.403491,0.08837890625,0.44775390625,1,0.08837890625,2,0.2470703125,1000,4233.02,10514.0
Problem_5Sat3Gs_1_4.json,1.5,4,9,-6.403491,0.0966796875,0.4453125,1,0.0966796875,2,0.265625,1000,4756.44,11037.41
Problem_5Sat3Gs_1_4.json,1.5,4,10,-6.403491,0.09375,0.45849609375,1,0.09375,2,0.248046875,1000,5278.29,11559.26
Problem_5Sat3Gs_1_4.json,1.5,5,1,-6.602404,0.1162109375,0.2705078125,1,0.1162109375,2,0.3701171875,1000,695.55,12254.81
Problem_5Sat3Gs_1_4.json,1.5,5,2,-6.602404,0.11669921875,0.26416015625,1,0.11669921875,2,0.3583984375,1000,1326.8,12886.06
Problem_5Sat3Gs_1_4.json,1.5,5,3,-6.602404,0.1162109375,0.28076171875,1,0.1162109375,2,0.353515625,1000,1956.62,13515.88
Problem_5Sat3Gs_1_4.json,1.5,5,4,-6.602404,0.12255859375,0.279296875,1,0.12255859375,2,0.3427734375,1000,2589.99,14149.26
Problem_5Sat3Gs_1_4.json,1.5,5,5,-6.602404,0.10986328125,0.26220703125,1,0.10986328125,2,0.36181640625,1000,3218.88,14778.15
Problem_5Sat3Gs_1_4.json,1.5,5,6,-6.602404,0.12353515625,0.25439453125,1,0.12353515625,2,0.36474609375,1000,3850.38,15409.65
Problem_5Sat3Gs_1_4.json,1.5,5,7,-6.602404,0.126953125,0.28125,1,0.126953125,2,0.34814453125,1000,4485.13,16044.39
Problem_5Sat3Gs_1_4.json,1.5,5,8,-6.602404,0.12939453125,0.24951171875,1,0.12939453125,2,0.369140625,1000,5118.1,16677.36
Problem_5Sat3Gs_1_4.json,1.5,5,9,-6.602404,0.10302734375,0.29052734375,1,0.10302734375,2,0.37060546875,1000,5749.15,17308.42
Problem_5Sat3Gs_1_4.json,1.5,5,10,-6.602404,0.11572265625,0.25732421875,1,0.11572265625,2,0.37109375,1000,6377.68,17936.94
Problem_5Sat3Gs_1_4.json,1.5,6,1,-6.662069,0.13818359375,0.27783203125,1,0.13818359375,2,0.34130859375,1000,819.59,18756.53
Problem_5Sat3Gs_1_4.json,1.5,6,2,-6.662069,0.11572265625,0.294921875,1,0.11572265625,2,0.3662109375,1000,1561.58,19498.52
Problem_5Sat3Gs_1_4.json,1.5,6,3,-6.662069,0.111328125,0.2958984375,1,0.111328125,2,0.3603515625,1000,2305.34,20242.28
Problem_5Sat3Gs_1_4.json,1.5,6,4,-6.662069,0.1181640625,0.314453125,1,0.1181640625,2,0.3408203125,1000,3048.94,20985.88
Problem_5Sat3Gs_1_4.json,1.5,6,5,-6.662069,0.11474609375,0.31884765625,1,0.11474609375,2,0.3447265625,1000,3792.61,21729.55
Problem_5Sat3Gs_1_4.json,1.5,6,6,-6.662069,0.11376953125,0.296875,1,0.11376953125,2,0.3603515625,1000,4535.83,22472.77
Problem_5Sat3Gs_1_4.json,1.5,6,7,-6.662069,0.11279296875,0.310546875,1,0.11279296875,2,0.333984375,1000,5276.3,23213.24
Problem_5Sat3Gs_1_4.json,1.5,6,8,-6.662069,0.12109375,0.3125,1,0.12109375,2,0.33984375,1000,6019.58,23956.52
Problem_5Sat3Gs_1_4.json,1.5,6,9,-6.662069,0.1181640625,0.29296875,1,0.1181640625,2,0.35205078125,1000,6759.1,24696.04
Problem_5Sat3Gs_1_4.json,1.5,6,10,-6.662069,0.130859375,0.29736328125,1,0.130859375,2,0.35302734375,1000,7501.64,25438.58
Problem_5Sat3Gs_1_4.json,1.5,7,1,-6.832616,0.18701171875,0.2783203125,1,0.18701171875,2,0.36083984375,1000,936.94,26375.52
Problem_5Sat3Gs_1_4.json,1.5,7,2,-6.832616,0.20068359375,0.2548828125,1,0.20068359375,2,0.3486328125,1000,1786.87,27225.45
Problem_5Sat3Gs_1_4.json,1.5,7,3,-6.832616,0.18994140625,0.25048828125,1,0.18994140625,2,0.3583984375,1000,2683.35,28121.93
Problem_5Sat3Gs_1_4.json,1.5,7,4,-6.832616,0.17919921875,0.267578125,1,0.17919921875,2,0.35791015625,1000,3592.39,29030.97
Problem_5Sat3Gs_1_4.json,1.5,7,5,-6.832616,0.18896484375,0.25439453125,1,0.18896484375,2,0.36669921875,1000,4490.65,29929.23
Problem_5Sat3Gs_1_4.json,1.5,7,6,-6.832616,0.19287109375,0.25390625,1,0.19287109375,2,0.359375,1000,5381.47,30820.05
Problem_5Sat3Gs_1_4.json,1.5,7,7,-6.832616,0.185546875,0.267578125,1,0.185546875,2,0.34912109375,1000,6276.91,31715.49
Problem_5Sat3Gs_1_4.json,1.5,7,8,-6.832616,0.1865234375,0.267578125,1,0.1865234375,2,0.3505859375,1000,7162.74,32601.32
Problem_5Sat3Gs_1_4.json,1.5,7,9,-6.832616,0.18115234375,0.27978515625,1,0.18115234375,2,0.3544921875,1000,8065.04,33503.62
Problem_5Sat3Gs_1_4.json,1.5,7,10,-6.832616,0.1787109375,0.27490234375,1,0.1787109375,2,0.3525390625,1000,8959.24,34397.82
Problem_5Sat3Gs_1_4.json,1.5,8,1,-7.005189,0.29052734375,0.17333984375,1,0.29052734375,2,0.33447265625,1000,1107.28,35505.1
Problem_5Sat3Gs_1_4.json,1.5,8,2,-7.005189,0.2939453125,0.16064453125,1,0.2939453125,2,0.3212890625,1000,2114.81,36512.63
Problem_5Sat3Gs_1_4.json,1.5,8,3,-7.005189,0.30224609375,0.154296875,1,0.30224609375,2,0.33349609375,1000,3124.23,37522.05
Problem_5Sat3Gs_1_4.json,1.5,8,4,-7.005189,0.29443359375,0.1416015625,1,0.29443359375,2,0.34814453125,1000,4127.77,38525.59
Problem_5Sat3Gs_1_4.json,1.5,8,5,-7.005189,0.3134765625,0.1552734375,1,0.3134765625,2,0.32958984375,1000,5129.62,39527.44
Problem_5Sat3Gs_1_4.json,1.5,8,6,-7.005189,0.2939453125,0.1474609375,1,0.2939453125,2,0.34228515625,1000,6140.86,40538.67
Problem_5Sat3Gs_1_4.json,1.5,8,7,-7.005189,0.30908203125,0.14208984375,1,0.30908203125,2,0.3427734375,1000,7149.49,41547.3
Problem_5Sat3Gs_1_4.json,1.5,8,8,-7.005189,0.291015625,0.15869140625,1,0.291015625,2,0.33203125,1000,8160.01,42557.82
Problem_5Sat3Gs_1_4.json,1.5,8,9,-7.005189,0.29833984375,0.1669921875,1,0.29833984375,2,0.33154296875,1000,9171.25,43569.06
Problem_5Sat3Gs_1_4.json,1.5,8,10,-7.005189,0.3046875,0.15283203125,1,0.3046875,2,0.345703125,1000,10175.96,44573.78
Problem_5Sat3Gs_1_5.json,1.5,1,1,-5.07974,0.0869140625,0.48095703125,1,0.0869140625,2,0.27978515625,151,48.3,48.3
Problem_5Sat3Gs_1_5.json,1.5,1,2,-5.07974,0.0947265625,0.46826171875,1,0.0947265625,2,0.28515625,151,79.1,79.1
Problem_5Sat3Gs_1_5.json,1.5,1,3,-5.07974,0.10302734375,0.451171875,1,0.10302734375,2,0.29443359375,151,108.92,108.92
Problem_5Sat3Gs_1_5.json,1.5,1,4,-5.07974,0.099609375,0.45458984375,1,0.099609375,2,0.27783203125,151,139.63,139.63
Problem_5Sat3Gs_1_5.json,1.5,1,5,-5.07974,0.0888671875,0.46728515625,1,0.0888671875,2,0.2998046875,151,169.68,169.68
Problem_5Sat3Gs_1_5.json,1.5,1,6,-5.07974,0.0888671875,0.478515625,1,0.0888671875,2,0.27978515625,151,199.17,199.18
Problem_5Sat3Gs_1_5.json,1.5,1,7,-5.07974,0.10693359375,0.46728515625,1,0.10693359375,2,0.27294921875,151,229.38,229.38
Problem_5Sat3Gs_1_5.json,1.5,1,8,-5.07974,0.0830078125,0.4736328125,1,0.0830078125,2,0.28857421875,151,259.17,259.17
Problem_5Sat3Gs_1_5.json,1.5,1,9,-5.07974,0.091796875,0.48388671875,1,0.091796875,2,0.25537109375,151,289.11,289.11
Problem_5Sat3Gs_1_5.json,1.5,1,10,-5.07974,0.10791015625,0.4599609375,1,0.10791015625,2,0.29541015625,151,318.73,318.73
Problem_5Sat3Gs_1_5.json,1.5,2,1,-5.611501,0.2548828125,0.2333984375,1,0.2548828125,2,0.443359375,361,131.03,449.76
Problem_5Sat3Gs_1_5.json,1.5,2,2,-5.611501,0.24365234375,0.25048828125,1,0.24365234375,2,0.4345703125,361,233.65,552.39
Problem_5Sat3Gs_1_5.json,1.5,2,3,-5.611501,0.23681640625,0.2392578125,1,0.23681640625,2,0.4365234375,361,336.2,654.93
Problem_5Sat3Gs_1_5.json,1.5,2,4,-5.611501,0.23779296875,0.25830078125,1,0.23779296875,2,0.43017578125,361,438.95,757.68
Problem_5Sat3Gs_1_5.json,1.5,2,5,-5.611501,0.24169921875,0.232421875,1,0.24169921875,2,0.453125,361,541.13,859.86
Problem_5Sat3Gs_1_5.json,1.5,2,6,-5.611501,0.24755859375,0.236328125,1,0.24755859375,2,0.43212890625,361,644.0,962.73
Problem_5Sat3Gs_1_5.json,1.5,2,7,-5.611501,0.2421875,0.24853515625,1,0.2421875,2,0.43798828125,361,747.71,1066.44
Problem_5Sat3Gs_1_5.json,1.5,2,8,-5.611501,0.240234375,0.25537109375,1,0.240234375,2,0.42822265625,361,851.46,1170.2
Problem_5Sat3Gs_1_5.json,1.5,2,9,-5.611501,0.25732421875,0.2431640625,1,0.25732421875,2,0.4296875,361,954.28,1273.01
Problem_5Sat3Gs_1_5.json,1.5,2,10,-5.611501,0.2373046875,0.25732421875,1,0.2373046875,2,0.43359375,361,1057.09,1375.82
Problem_5Sat3Gs_1_5.json,1.5,3,1,-5.885492,0.359375,0.1748046875,1,0.359375,2,0.41748046875,1000,414.0,1789.82
Problem_5Sat3Gs_1_5.json,1.5,3,2,-5.885492,0.369140625,0.17529296875,1,0.369140625,2,0.40869140625,1000,792.62,2168.45
Problem_5Sat3Gs_1_5.json,1.5,3,3,-5.885492,0.37548828125,0.1669921875,1,0.37548828125,2,0.4111328125,1000,1174.81,2550.63
Problem_5Sat3Gs_1_5.json,1.5,3,4,-5.885492,0.36962890625,0.1796875,1,0.36962890625,2,0.400390625,1000,1556.03,2931.85
Problem_5Sat3Gs_1_5.json,1.5,3,5,-5.885492,0.38427734375,0.16357421875,1,0.38427734375,2,0.39794921875,1000,1938.3,3314.12
Problem_5Sat3Gs_1_5.json,1.5,3,6,-5.885492,0.3701171875,0.1611328125,1,0.3701171875,2,0.421875,1000,2318.11,3693.93
Problem_5Sat3Gs_1_5.json,1.5,3,7,-5.885492,0.36962890625,0.1728515625,1,0.36962890625,2,0.40869140625,1000,2700.16,4075.98
Problem_5Sat3Gs_1_5.json,1.5,3,8,-5.885492,0.38037109375,0.15673828125,1,0.38037109375,2,0.41796875,1000,3082.11,4457.93
Problem_5Sat3Gs_1_5.json,1.5,3,9,-5.885492,0.365234375,0.16650390625,1,0.365234375,2,0.4228515625,1000,3463.31,4839.14
Problem_5Sat3Gs_1_5.json,1.5,3,10,-5.885492,0.36328125,0.162109375,1,0.36328125,2,0.42578125,1000,3841.54,5217.37
Problem_5Sat3Gs_1_5.json,1.5,4,1,-6.089278,0.53466796875,0.12158203125,1,0.53466796875,1,0.53466796875,1000,528.4,5745.77
Problem_5Sat3Gs_1_5.json,1.5,4,2,-6.089278,0.52783203125,0.11865234375,1,0.52783203125,1,0.52783203125,1000,1008.94,6226.31
Problem_5Sat3Gs_1_5.json,1.5,4,3,-6.089278,0.5400390625,0.11279296875,1,0.5400390625,1,0.5400390625,1000,1485.39,6702.76
Problem_5Sat3Gs_1_5.json,1.5,4,4,-6.089278,0.54541015625,0.11376953125,1,0.54541015625,1,0.54541015625,1000,1964.65,7182.02
Problem_5Sat3Gs_1_5.json,1.5,4,5,-6.089278,0.552734375,0.11474609375,1,0.552734375,1,0.552734375,1000,2446.03,7663.39
Problem_5Sat3Gs_1_5.json,1.5,4,6,-6.089278,0.52001953125,0.11962890625,1,0.52001953125,1,0.52001953125,1000,2931.22,8148.59
Problem_5Sat3Gs_1_5.json,1.5,4,7,-6.089278,0.52001953125,0.12255859375,1,0.52001953125,1,0.52001953125,1000,3415.23,8632.6
Problem_5Sat3Gs_1_5.json,1.5,4,8,-6.089278,0.51513671875,0.1162109375,1,0.51513671875,1,0.51513671875,1000,3897.38,9114.75
Problem_5Sat3Gs_1_5.json,1.5,4,9,-6.089278,0.51904296875,0.12353515625,1,0.51904296875,1,0.51904296875,1000,4378.61,9595.98
Problem_5Sat3Gs_1_5.json,1.5,4,10,-6.089278,0.51708984375,0.123046875,1,0.51708984375,1,0.51708984375,1000,4857.9,10075.26
Problem_5Sat3Gs_1_5.json,1.5,5,1,-6.251549,0.615234375,0.1064453125,1,0.615234375,1,0.615234375,1000,636.08,10711.34
Problem_5Sat3Gs_1_5.json,1.5,5,2,-6.105159,0.52587890625,0.11376953125,1,0.52587890625,1,0.52587890625,1000,1213.34,11288.6
Problem_5Sat3Gs_1_5.json,1.5,5,3,-6.251549,0.603515625,0.107421875,1,0.603515625,1,0.603515625,1000,1786.02,11861.28
Problem_5Sat3Gs_1_5.json,1.5,5,4,-6.105159,0.5263671875,0.10546875,1,0.5263671875,1,0.5263671875,1000,2359.69,12434.96
Problem_5Sat3Gs_1_5.json,1.5,5,5,-6.105159,0.5146484375,0.1142578125,1,0.5146484375,1,0.5146484375,1000,2929.67,13004.93
Problem_5Sat3Gs_1_5.json,1.5,5,6,-6.105159,0.513671875,0.10986328125,1,0.513671875,1,0.513671875,1000,3504.98,13580.24
Problem_5Sat3Gs_1_5.json,1.5,5,7,-6.105159,0.50634765625,0.1259765625,1,0.50634765625,1,0.50634765625,1000,4085.76,14161.02
Problem_5Sat3Gs_1_5.json,1.5,5,8,-6.251549,0.62548828125,0.1025390625,1,0.62548828125,1,0.62548828125,1000,4664.59,14739.86
Problem_5Sat3Gs_1_5.json,1.5,5,9,-6.105159,0.5263671875,0.1083984375,1,0.5263671875,1,0.5263671875,1000,5244.09,15319.35
Problem_5Sat3Gs_1_5.json,1.5,5,10,-6.251549,0.6162109375,0.11181640625,1,0.6162109375,1,0.6162109375,1000,5824.7,15899.97
Problem_5Sat3Gs_1_5.json,1.5,6,1,-6.264097,0.60205078125,0.1171875,1,0.60205078125,1,0.60205078125,1000,744.76,16644.73
Problem_5Sat3Gs_1_5.json,1.5,6,2,-6.324654,0.6572265625,0.10693359375,1,0.6572265625,1,0.6572265625,1000,1418.28,17318.24
Problem_5Sat3Gs_1_5.json,1.5,6,3,-6.264097,0.62548828125,0.10302734375,1,0.62548828125,1,0.62548828125,1000,2098.2,17998.16
Problem_5Sat3Gs_1_5.json,1.5,6,4,-6.324654,0.6650390625,0.109375,1,0.6650390625,1,0.6650390625,1000,2772.68,18672.65
Problem_5Sat3Gs_1_5.json,1.5,6,5,-6.324654,0.6630859375,0.1103515625,1,0.6630859375,1,0.6630859375,1000,3448.14,19348.11
Problem_5Sat3Gs_1_5.json,1.5,6,6,-6.324654,0.66748046875,0.11376953125,1,0.66748046875,1,0.66748046875,1000,4123.34,20023.31
Problem_5Sat3Gs_1_5.json,1.5,6,7,-6.264097,0.611328125,0.10888671875,1,0.611328125,1,0.611328125,1000,4801.21,20701.17
Problem_5Sat3Gs_1_5.json,1.5,6,8,-6.324654,0.65478515625,0.10693359375,1,0.65478515625,1,0.65478515625,1000,5476.69,21376.65
Problem_5Sat3Gs_1_5.json,1.5,6,9,-6.264097,0.611328125,0.11328125,1,0.611328125,1,0.611328125,1000,6153.87,22053.84
Problem_5Sat3Gs_1_5.json,1.5,6,10,-6.324654,0.6689453125,0.10693359375,1,0.6689453125,1,0.6689453125,1000,6832.42,22732.38
Problem_5Sat3Gs_1_5.json,1.5,7,1,-6.412703,0.7216796875,0.109375,1,0.7216796875,1,0.7216796875,1000,849.62,23582.01
Problem_5Sat3Gs_1_5.json,1.5,7,2,-6.412703,0.73681640625,0.1123046875,1,0.73681640625,1,0.73681640625,1000,1626.17,24358.56
Problem_5Sat3Gs_1_5.json,1.5,7,3,-6.412703,0.73681640625,0.10205078125,1,0.73681640625,1,0.73681640625,1000,2397.92,25130.3
Problem_5Sat3Gs_1_5.json,1.5,7,4,-6.412703,0.73779296875,0.1015625,1,0.73779296875,1,0.73779296875,1000,3166.99,25899.37
Problem_5Sat3Gs_1_5.json,1.5,7,5,-6.412703,0.7392578125,0.09765625,1,0.7392578125,1,0.7392578125,1000,3938.86,26671.24
Problem_5Sat3Gs_1_5.json,1.5,7,6,-6.412703,0.73779296875,0.115234375,1,0.73779296875,1,0.73779296875,1000,4717.87,27450.25
Problem_5Sat3Gs_1_5.json,1.5,7,7,-6.412703,0.7373046875,0.1025390625,1,0.7373046875,1,0.7373046875,1000,5495.28,28227.67
Problem_5Sat3Gs_1_5.json,1.5,7,8,-6.412703,0.73388671875,0.10595703125,1,0.73388671875,1,0.73388671875,1000,6266.93,28999.32
Problem_5Sat3Gs_1_5.json,1.5,7,9,-6.412703,0.728515625,0.1005859375,1,0.728515625,1,0.728515625,1000,7046.24,29778.62
Problem_5Sat3Gs_1_5.json,1.5,7,10,-6.412703,0.728515625,0.1123046875,1,0.728515625,1,0.728515625,1000,7820.98,30553.37
Problem_5Sat3Gs_1_5.json,1.5,8,1,-6.433955,0.7392578125,0.11669921875,1,0.7392578125,1,0.7392578125,1000,957.69,31511.05
Problem_5Sat3Gs_1_5.json,1.5,8,2,-6.433955,0.74267578125,0.099609375,1,0.74267578125,1,0.74267578125,1000,1822.91,32376.28
Problem_5Sat3Gs_1_5.json,1.5,8,3,-6.433955,0.7587890625,0.099609375,1,0.7587890625,1,0.7587890625,1000,2690.11,33243.48
Problem_5Sat3Gs_1_5.json,1.5,8,4,-6.433955,0.74853515625,0.0966796875,1,0.74853515625,1,0.74853515625,1000,3562.13,34115.49
Problem_5Sat3Gs_1_5.json,1.5,8,5,-6.433955,0.736328125,0.11083984375,1,0.736328125,1,0.736328125,1000,4434.08,34987.44
Problem_5Sat3Gs_1_5.json,1.5,8,6,-6.433955,0.748046875,0.1044921875,1,0.748046875,1,0.748046875,1000,5306.03,35859.4
Problem_5Sat3Gs_1_5.json,1.5,8,7,-6.433955,0.73046875,0.1142578125,1,0.73046875,1,0.73046875,1000,6180.8,36734.17
Problem_5Sat3Gs_1_5.json,1.5,8,8,-6.433955,0.74951171875,0.09375,1,0.74951171875,1,0.74951171875,1000,7050.77,37604.14
Problem_5Sat3Gs_1_5.json,1.5,8,9,-6.433955,0.74169921875,0.10546875,1,0.74169921875,1,0.74169921875,1000,7930.05,38483.42
Problem_5Sat3Gs_1_5.json,1.5,8,10,-6.433955,0.7470703125,0.0908203125,1,0.7470703125,1,0.7470703125,1000,8804.36,39357.73
Problem_5Sat3Gs_1_8.json,1.5,1,1,-5.723323,0.10693359375,0.517578125,1,0.10693359375,2,0.22216796875,141,48.06,48.06
Problem_5Sat3Gs_1_8.json,1.5,1,2,-5.723323,0.10546875,0.49560546875,1,0.10546875,2,0.2421875,141,77.42,77.42
Problem_5Sat3Gs_1_8.json,1.5,1,3,-5.723323,0.09765625,0.50927734375,1,0.09765625,2,0.232421875,141,106.54,106.54
Problem_5Sat3Gs_1_8.json,1.5,1,4,-5.723323,0.11279296875,0.50439453125,1,0.11279296875,2,0.21826171875,141,135.66,135.66
Problem_5Sat3Gs_1_8.json,1.5,1,5,-5.723323,0.10400390625,0.48681640625,1,0.10400390625,2,0.23779296875,141,165.23,165.23
Problem_5Sat3Gs_1_8.json,1.5,1,6,-5.723323,0.10693359375,0.515625,1,0.10693359375,2,0.228515625,141,195.09,195.09
Problem_5Sat3Gs_1_8.json,1.5,1,7,-5.723323,0.1162109375,0.49755859375,1,0.1162109375,2,0.216796875,141,224.49,224.49
Problem_5Sat3Gs_1_8.json,1.5,1,8,-5.723323,0.11279296875,0.50634765625,1,0.11279296875,2,0.2216796875,141,253.7,253.7
Problem_5Sat3Gs_1_8.json,1.5,1,9,-5.723323,0.10693359375,0.4873046875,1,0.10693359375,2,0.23876953125,141,283.12,283.12
Problem_5Sat3Gs_1_8.json,1.5,1,10,-5.723323,0.111328125,0.48388671875,1,0.111328125,2,0.22998046875,141,312.41,312.41
Problem_5Sat3Gs_1_8.json,1.5,2,1,-6.30395,0.3037109375,0.27392578125,1,0.3037109375,1,0.3037109375,718,244.33,556.74
Problem_5Sat3Gs_1_8.json,1.5,2,2,-6.30395,0.283203125,0.26953125,1,0.283203125,2,0.3291015625,718,460.88,773.29
Problem_5Sat3Gs_1_8.json,1.5,2,3,-6.30395,0.2822265625,0.28955078125,1,0.2822265625,2,0.302734375,718,676.82,989.23
Problem_5Sat3Gs_1_8.json,1.5,2,4,-6.30395,0.2958984375,0.27001953125,1,0.2958984375,2,0.32666015625,718,891.47,1203.88
Problem_5Sat3Gs_1_8.json,1.5,2,5,-6.30395,0.30322265625,0.2724609375,1,0.30322265625,2,0.32080078125,718,1106.56,1418.97
Problem_5Sat3Gs_1_8.json,1.5,2,6,-6.30395,0.2890625,0.27587890625,1,0.2890625,2,0.30908203125,718,1321.51,1633.92
Problem_5Sat3Gs_1_8.json,1.5,2,7,-6.30395,0.2822265625,0.28369140625,1,0.2822265625,2,0.3271484375,718,1534.94,1847.35
Problem_5Sat3Gs_1_8.json,1.5,2,8,-6.30395,0.32177734375,0.25732421875,1,0.32177734375,1,0.32177734375,718,1746.51,2058.92
Problem_5Sat3Gs_1_8.json,1.5,2,9,-6.30395,0.29541015625,0.27001953125,1,0.29541015625,2,0.32080078125,718,1959.44,2271.85
Problem_5Sat3Gs_1_8.json,1.5,2,10,-6.30395,0.28271484375,0.2734375,1,0.28271484375,2,0.3212890625,718,2173.32,2485.72
Problem_5Sat3Gs_1_8.json,1.5,3,1,-6.631904,0.431640625,0.19091796875,1,0.431640625,1,0.431640625,991,441.04,2926.77
Problem_5Sat3Gs_1_8.json,1.5,3,2,-6.631904,0.42919921875,0.1943359375,1,0.42919921875,1,0.42919921875,991,841.4,3327.13
Problem_5Sat3Gs_1_8.json,1.5,3,3,-6.631904,0.42578125,0.205078125,1,0.42578125,1,0.42578125,991,1243.54,3729.27
Problem_5Sat3Gs_1_8.json,1.5,3,4,-6.631904,0.453125,0.20068359375,1,0.453125,1,0.453125,991,1643.91,4129.63
Problem_5Sat3Gs_1_8.json,1.5,3,5,-6.631904,0.44287109375,0.20068359375,1,0.44287109375,1,0.44287109375,991,2043.14,4528.86
Problem_5Sat3Gs_1_8.json,1.5,3,6,-6.631904,0.4306640625,0.19921875,1,0.4306640625,1,0.4306640625,991,2440.22,4925.94
Problem_5Sat3Gs_1_8.json,1.5,3,7,-6.631904,0.42041015625,0.2080078125,1,0.42041015625,1,0.42041015625,991,2838.25,5323.97
Problem_5Sat3Gs_1_8.json,1.5,3,8,-6.631904,0.43798828125,0.19970703125,1,0.43798828125,1,0.43798828125,991,3239.37,5725.09
Problem_5Sat3Gs_1_8.json,1.5,3,9,-6.631904,0.4365234375,0.20751953125,1,0.4365234375,1,0.4365234375,991,3640.72,6126.44
Problem_5Sat3Gs_1_8.json,1.5,3,10,-6.631904,0.42822265625,0.205078125,1,0.42822265625,1,0.42822265625,991,4041.79,6527.52
Problem_5Sat3Gs_1_8.json,1.5,4,1,-6.855247,0.50830078125,0.203125,1,0.50830078125,1,0.50830078125,1000,555.35,7082.87
Problem_5Sat3Gs_1_8.json,1.5,4,2,-6.855247,0.51123046875,0.189453125,1,0.51123046875,1,0.51123046875,1000,1063.71,7591.23
Problem_5Sat3Gs_1_8.json,1.5,4,3,-6.855247,0.51220703125,0.1943359375,1,0.51220703125,1,0.51220703125,1000,1571.95,8099.47
Problem_5Sat3Gs_1_8.json,1.5,4,4,-6.855247,0.5234375,0.19384765625,1,0.5234375,1,0.5234375,1000,2080.47,8607.99
Problem_5Sat3Gs_1_8.json,1.5,4,5,-6.855247,0.52880859375,0.19384765625,1,0.52880859375,1,0.52880859375,1000,2589.86,9117.38
Problem_5Sat3Gs_1_8.json,1.5,4,6,-6.855247,0.5244140625,0.1875,1,0.5244140625,1,0.5244140625,1000,3096.73,9624.25
Problem_5Sat3Gs_1_8.json,1.5,4,7,-6.855247,0.4990234375,0.18701171875,1,0.4990234375,1,0.4990234375,1000,3609.24,10136.76
Problem_5Sat3Gs_1_8.json,1.5,4,8,-6.855247,0.50634765625,0.1953125,1,0.50634765625,1,0.50634765625,1000,4118.51,10646.03
Problem_5Sat3Gs_1_8.json,1.5,4,9,-6.855247,0.50439453125,0.19384765625,1,0.50439453125,1,0.50439453125,1000,4628.13,11155.65
Problem_5Sat3Gs_1_8.json,1.5,4,10,-6.855247,0.51513671875,0.1982421875,1,0.51513671875,1,0.51513671875,1000,5137.56,11665.07
Problem_5Sat3Gs_1_8.json,1.5,5,1,-7.078163,0.70263671875,0.1806640625,1,0.70263671875,1,0.70263671875,1000,676.33,12341.41
Problem_5Sat3Gs_1_8.json,1.5,5,2,-7.078163,0.6884765625,0.185546875,1,0.6884765625,1,0.6884765625,1000,1283.87,12948.94
Problem_5Sat3Gs_1_8.json,1.5,5,3,-7.078163,0.69091796875,0.1904296875,1,0.69091796875,1,0.69091796875,1000,1902.18,13567.25
Problem_5Sat3Gs_1_8.json,1.5,5,4,-7.078163,0.68212890625,0.19580078125,1,0.68212890625,1,0.68212890625,1000,2515.67,14180.74
Problem_5Sat3Gs_1_8.json,1.5,5,5,-7.078163,0.6826171875,0.189453125,1,0.6826171875,1,0.6826171875,1000,3124.59,14789.66
Problem_5Sat3Gs_1_8.json,1.5,5,6,-7.078163,0.69140625,0.18701171875,1,0.69140625,1,0.69140625,1000,3736.36,15401.44
Problem_5Sat3Gs_1_8.json,1.5,5,7,-6.875338,0.5244140625,0.19970703125,1,0.5244140625,1,0.5244140625,1000,4352.52,16017.59
Problem_5Sat3Gs_1_8.json,1.5,5,8,-7.078163,0.68798828125,0.19482421875,1,0.68798828125,1,0.68798828125,1000,4968.67,16633.74
Problem_5Sat3Gs_1_8.json,1.5,5,9,-7.078163,0.69091796875,0.1953125,1,0.69091796875,1,0.69091796875,1000,5580.2,17245.27
Problem_5Sat3Gs_1_8.json,1.5,5,10,-6.875338,0.5224609375,0.205078125,1,0.5224609375,1,0.5224609375,1000,6190.2,17855.27
Problem_5Sat3Gs_1_8.json,1.5,6,1,-7.201662,0.73583984375,0.16845703125,1,0.73583984375,1,0.73583984375,1000,787.04,18642.32
Problem_5Sat3Gs_1_8.json,1.5,6,2,-7.201662,0.73779296875,0.1708984375,1,0.73779296875,1,0.73779296875,1000,1500.53,19355.8
Problem_5Sat3Gs_1_8.json,1.5,6,3,-7.201662,0.7470703125,0.16552734375,1,0.7470703125,1,0.7470703125,1000,2218.73,20074.0
Problem_5Sat3Gs_1_8.json,1.5,6,4,-7.201662,0.73583984375,0.16748046875,1,0.73583984375,1,0.73583984375,1000,2938.99,20794.27
Problem_5Sat3Gs_1_8.json,1.5,6,5,-7.201662,0.72607421875,0.17431640625,1,0.72607421875,1,0.72607421875,1000,3659.07,21514.35
Problem_5Sat3Gs_1_8.json,1.5,6,6,-7.201662,0.7431640625,0.16455078125,1,0.7431640625,1,0.7431640625,1000,4380.66,22235.93
Problem_5Sat3Gs_1_8.json,1.5,6,7,-7.201662,0.72998046875,0.17236328125,1,0.72998046875,1,0.72998046875,1000,5094.37,22949.65
Problem_5Sat3Gs_1_8.json,1.5,6,8,-7.201662,0.748046875,0.15185546875,1,0.748046875,1,0.748046875,1000,5818.75,23674.03
Problem_5Sat3Gs_1_8.json,1.5,6,9,-7.201662,0.7353515625,0.17041015625,1,0.7353515625,1,0.7353515625,1000,6538.38,24393.65
Problem_5Sat3Gs_1_8.json,1.5,6,10,-7.201662,0.72998046875,0.16162109375,1,0.72998046875,1,0.72998046875,1000,7253.93,25109.2
Problem_5Sat3Gs_1_8.json,1.5,7,1,-7.284786,0.7763671875,0.1611328125,1,0.7763671875,1,0.7763671875,1000,897.32,26006.52
Problem_5Sat3Gs_1_8.json,1.5,7,2,-7.284786,0.77490234375,0.158203125,1,0.77490234375,1,0.77490234375,1000,1716.93,26826.13
Problem_5Sat3Gs_1_8.json,1.5,7,3,-7.284786,0.75830078125,0.16796875,1,0.75830078125,1,0.75830078125,1000,2538.75,27647.95
Problem_5Sat3Gs_1_8.json,1.5,7,4,-7.284786,0.771484375,0.162109375,1,0.771484375,1,0.771484375,1000,3360.24,28469.44
Problem_5Sat3Gs_1_8.json,1.5,7,5,-7.284786,0.775390625,0.16845703125,1,0.775390625,1,0.775390625,1000,4186.88,29296.08
Problem_5Sat3Gs_1_8.json,1.5,7,6,-7.284786,0.759765625,0.17333984375,1,0.759765625,1,0.759765625,1000,5010.78,30119.98
Problem_5Sat3Gs_1_8.json,1.5,7,7,-7.284786,0.759765625,0.17236328125,1,0.759765625,1,0.759765625,1000,5832.69,30941.9
Problem_5Sat3Gs_1_8.json,1.5,7,8,-7.284786,0.77783203125,0.1552734375,1,0.77783203125,1,0.77783203125,1000,6658.61,31767.81
Problem_5Sat3Gs_1_8.json,1.5,7,9,-7.284786,0.7470703125,0.17919921875,1,0.7470703125,1,0.7470703125,1000,7479.97,32589.17
Problem_5Sat3Gs_1_8.json,1.5,7,10,-7.284786,0.77685546875,0.15771484375,1,0.77685546875,1,0.77685546875,1000,8298.68,33407.88
Problem_5Sat3Gs_1_8.json,1.5,8,1,-7.315281,0.7841796875,0.162109375,1,0.7841796875,1,0.7841796875,1000,1024.16,34432.04
Problem_5Sat3Gs_1_8.json,1.5,8,2,-7.315281,0.7890625,0.1533203125,1,0.7890625,1,0.7890625,1000,1960.13,35368.01
Problem_5Sat3Gs_1_8.json,1.5,8,3,-7.315281,0.79638671875,0.15234375,1,0.79638671875,1,0.79638671875,1000,2891.46,36299.33
Problem_5Sat3Gs_1_8.json,1.5,8,4,-7.315281,0.775390625,0.16650390625,1,0.775390625,1,0.775390625,1000,3823.68,37231.56
Problem_5Sat3Gs_1_8.json,1.5,8,5,-7.315281,0.80224609375,0.15576171875,1,0.80224609375,1,0.80224609375,1000,4756.88,38164.76
Problem_5Sat3Gs_1_8.json,1.5,8,6,-7.315281,0.78515625,0.16455078125,1,0.78515625,1,0.78515625,1000,5688.68,39096.56
Problem_5Sat3Gs_1_8.json,1.5,8,7,-7.315281,0.78759765625,0.16357421875,1,0.78759765625,1,0.78759765625,1000,6619.7,40027.58
Problem_5Sat3Gs_1_8.json,1.5,8,8,-7.315281,0.787109375,0.1669921875,1,0.787109375,1,0.787109375,1000,7553.74,40961.61
Problem_5Sat3Gs_1_8.json,1.5,8,9,-7.315281,0.77685546875,0.17626953125,1,0.77685546875,1,0.77685546875,1000,8484.03,41891.91
Problem_5Sat3Gs_1_8.json,1.5,8,10,-7.315281,0.787109375,0.15576171875,1,0.787109375,1,0.787109375,1000,9412.34,42820.22
